Hash (SHA256),Type de fichier,Nom du fichier
42308b675105f49b6ac8041d97a2fb3e34d94b12c4ab4da9d8cfcffb62c9033e,elf,ba08e63ad65a9bdcdb1655f25d32c808
18dd24fc3c88d75a73302ba1d9008c91def08a3104ef69553feefeffe0cb01b0,elf,ioctl
322ab1965808dc0092ad28b15b01f42349e77dbdd82237255b09ee6b65c65b1e,elf,rooty.ko
860ce5d96af1f462acead5ee876b1f2f2b5ba4b114dafebcdd752d6feac315e5,zip,rooty-master.zip
2600eb7673dddacda0e780bf3b163b0b89b41f9925eebbd2a2b3dfa234bc1a22,elf,2600eb7673dddacda0e780bf3b163b0b89b41f9925eebbd2a2b3dfa234bc1a22
e2c272597a475669d37951faac4da570e5a7f493516262d3fb26c09e784bcd34,elf,e2c272597a475669d37951faac4da570e5a7f493516262d3fb26c09e784bcd34
58d1e56fff04affb4c8cbb5fc3ea848e88d1f05c07e6f730e1cf17100ef1b666,elf,58d1e56fff04affb4c8cbb5fc3ea848e88d1f05c07e6f730e1cf17100ef1b666
fdee2e34212170af59a95701317f220e9bdedfd8ee579bc485e0534410da42e7,elf,fdee2e34212170af59a95701317f220e9bdedfd8ee579bc485e0534410da42e7.bin
650ee3df51c9d32abefb7e9c42d25acecc66e1a9db8fc1c5f620654189be59a7,apk,download4131.apk
b2cc4454c0a4fc80b1fc782c45ac7f76b1d95913d259090a2523819aeec88eb5,exe,_$77install.bin
99c383637a29f91c0d5dd8c02a6cb74c19f48d977a1ac47a9664ca3d56122f1e,apk,download7.apk
e8947bc9fb2bd597daba3064d5fab275d8df2beac92f301063f22fe276dcbc10,apk,Downloader.apk
9f21ea52c1e7e829ccdae8e4814b99c8df4d05030ccecca817a5e5b3056e55db,apk,_1718515131802.apk
daa985b744316e4feae1ced35df533c769c06804e1c8d42f18295c8e489c116d,zip,3b378846bc429fdf9bec08b9635885267d8d269f6d941ab1d6e526a03304331b.zip
a829694cec2fbcc05aa42f4701f10e043726baade1907faa0c76b458542b88f6,exe,CHRISTMAS.exe
881d0fa3628f16e48fbc6ef3142696835e38b14c3e81c448b34b4e6ee35241e3,exe,881d0fa3628f16e48fbc6ef3142696835e38b14c3e81c448b34b4e6ee35241e3
3513fe9c2c3f970891dfb8d552cee49e1a7408f180bc19153355112eab17ed50,dll,DLL101.dll
973e8ee15e00b702b03fa42e45cce60344dbe7dbc7d3213a81a53623c303ff5c,exe,InstallService32.exe
c44483767956f11fb4ac4fdf981ba3b92fc70b882c181d159144432ccc421c4e,exe,DLL101.dll
044d94183a778f39e47f255fcb985d20bfd885771a74217cfbca9e63d7d9936d,exe,InstallService64.exe
dcb35eab5992bd212220a82532b97029a06e124f9c6320e1560f11d15ff4384c,exe,InstallStager.exe
22ee7b8104599b47313195598ffc34aafd6a6552dcce0e7b3232ced3a90ac9a4,exe,Install.exe
cdbd808ab00449a102966c8e6443a4267ef6c70df08e711efa783e60e7ea3776,exe,123.exe
743d735be53444970d55efe67db57f9d6ff0b1ebfe170cd2847d5c9cdcc34d75,elf,librwctl.so
cbe9107185c8e42140dbd1294d8c20849134dd122cc64348f1bfcc90401379ec,elf,cbe9107185c8e42140dbd1294d8c20849134dd122cc64348f1bfcc90401379ec
99ffc0099277bef59a37a4cfcf4cdd71df13ad33d1c7bf943dc87f803e75dd2c,elf,99ffc0099277bef59a37a4cfcf4cdd71df13ad33d1c7bf943dc87f803e75dd2c
d182239d408da23306ea6b0f5f129ef401565a4d7ab4fe33506f8ac0a08d37ba,elf,d182239d408da23306ea6b0f5f129ef401565a4d7ab4fe33506f8ac0a08d37ba
15e4e936b2f47eb3fa2455b7c22b2714bebe9f8c01b24bbf7cb5f9559999d292,elf,15e4e936b2f47eb3fa2455b7c22b2714bebe9f8c01b24bbf7cb5f9559999d292
7ce7b914bd434f8a45db1cb3ec783237a5485b7abcee4df06275ea274e095295,elf,7ce7b914bd434f8a45db1cb3ec783237a5485b7abcee4df06275ea274e095295
6ffbe23565bbd34805d3dc4364110bb9d6d733107f8f02d0cfd38859ab013cf8,elf,6ffbe23565bbd34805d3dc4364110bb9d6d733107f8f02d0cfd38859ab013cf8.bin.sample
cc4864a25a305759921b73d753116873493f2c526a396839d4da6815492299d8,exe,Elden Ring v1.02-v1.03 Plus 30 Trainer.exe
ed3ee849ae71001941d03983a65eacdd726be75d91b076475a89a3a75e79d82e,dll,r77_x86
2141974f665f4d8fecb6d8ea06add624b57f320f901368847175570ee716fd8e,exe,r77_x64
8bef06598b67c1edbbf42399a19c8a8aa61d12466e873d70e9e26a10ba54d308,exe,8bef06598b67c1edbbf42399a19c8a8aa61d12466e873d70e9e26a10ba54d308
03e903602037420acf4d1bc5084923c59385c5594f3a2de6fcf320bd4746d6c7,exe,03e903602037420acf4d1bc5084923c59385c5594f3a2de6fcf320bd4746d6c7
10cf63dce9ea260f48def203313edcec06a293db3e35589954a99582c0a7e1d2,exe,10cf63dce9ea260f48def203313edcec06a293db3e35589954a99582c0a7e1d2
6a0390769feeb703962e81f70896a1dfd1ea14479b9e200bcc530b238990c759,exe,6a0390769feeb703962e81f70896a1dfd1ea14479b9e200bcc530b238990c759
9114dc1c44f6a1b7d63ca95e04541d833c49a3e65a717471042bd0ec19a3eb99,exe,9114dc1c44f6a1b7d63ca95e04541d833c49a3e65a717471042bd0ec19a3eb99
ed516fc2448dad8c157d2ff3d23088bf25fd92ecd809a1f01ec41c927c2cb5ec,exe,ed516fc2448dad8c157d2ff3d23088bf25fd92ecd809a1f01ec41c927c2cb5ec
f62ce3383afe1b36d60c834b9e6bd09263fb8794c626bc42fcbb25a062e76c42,exe,f62ce3383afe1b36d60c834b9e6bd09263fb8794c626bc42fcbb25a062e76c42
0f5e3d33c824f9f03d038b4f1a376b15cc5f1694aef086bd17c516ad951fc45a,exe,0f5e3d33c824f9f03d038b4f1a376b15cc5f1694aef086bd17c516ad951fc45a
ccb8cfde53f6e66736d2b78555cc7aa443452a75e93f5f7818f673f9391d4caa,sys,QkTP1J.sys
0b1b37d85a27819a8b4b9d7691e55dfc93311f7d5159433d1ac09854fcb13510,exe,jiangshan.exe
68360e0294785ce6502f4b10a6d41f53b3ea206025de06bbbbc894e9688fff43,exe,QkG8Ll.sys
84ed7fec67de5621806dbb43af5167a5fc60ab7f2403448519dc0eca2b8f9022,exe,84ed7fec67de5621806dbb43af5167a5fc60ab7f2403448519dc0eca2b8f9022.exe
0925b8985b19d7925d68186d666b0050a4cb3f2a577d64765d770a57a2eab9ae,exe,0925b8985b19d7925d68186d666b0050a4cb3f2a577d64765d770a57a2eab9ae.exe
e8b7f42d544fe8b954c4021315cff2fdd44d67d11704009cdf3037d34e0c0a93,exe,e8b7f42d544fe8b954c4021315cff2fdd44d67d11704009cdf3037d34e0c0a93.exe
cc5abd771e2f2939295359eae96e62b3a7da41689222b0349b8caf91bd5e385b,exe,原神世界.exe
cf16d17a2f592979b874fc68bf568466ee5bd6d7839ec3f49820cf09e946d196,exe,金城超变.exe
bf909c34e676e9da0004e6fe8ed640380cc9b658d4d4e5e30f29fa16fadf8102,exe,1.exe
40fd1fcff12afcf503175d91a18d7a6f7b4ade68726328db38eb6fd74304561b,exe,◆山河剑心◆『剑来Ⅰ区』.exe
757cd417096f37de99461b69b70ccc532fb294b8ecbf18e3fddaea7bb6058ce8,exe,【乱世迷失】.exe
7da5e6b6212c03d4d862795d05aace1a06db4943489cb639b9ca9a88563c9d0f,sys,7da5e6b6212c03d4d862795d05aace1a06db4943489cb639b9ca9a88563c9d0f.sys
21fe4db0bd019b4c9fe609a99d41361f94b492bd67b46bb4acdf62e44c31443f,sys,wifcnvufje.sys
0d37295ca4d9435b139a3d8dceca5bacc396756d89c883a983dc9462ba120775,sys,ugistvcjw.sys
dd23fdb05c78a10acc716ba234925a658f80b45eaca7d08ba045c67ca977827d,sys,lflxdlwo.sys
894e9d1e20ca364dde0773eb7235ce676cbf45dbd9ef02be61e9ecefd8b226fd,sys,i8041par.sys
89512dc510da375ed93a2ad340de85b7db7faee1f0fe21c04189e85a140e4970,sys,009196861164399231.sys
98e7fed39ba4cef4d4daf58b7b2cac2e42dea54e79ad16429af4e7852a490782,sys,8EED17F1E186.sys
aca33b66c279613ad087858bb02daae72f1773174102ceb9f0b20654e6741422,sys,DFC070_1.sys
3cc722623c9b6952fbcc4860a80570519e4b46bced061b38b0e05abf02185f65,sys,DFC070.sys
090dca723aab674f983c6cd2984b5afccfad2ba172803320b137d979445b29e7,sys,D489M6Z3I.sys
21a6a2d7959a69ad620d81d3ec7c75db2c8a57a1e47d70b09eaafc64981f5066,sys,AuoTZW5i.sys
5deddb9317fe34b83e0857bb3580c1f8047bc98a1d3175db4b44cf66339988c1,sys,58153qLZp.sys
30d1b30b3fb942e6f0b2c3ba96f41de3b97bbbeff4de745706fd3bd3c02145d3,sys,8FF4s8ZnE.sys
7e8969374479fedde873a2de183ed311d69eb2567847b173b0f79135b3dd5fb2,dll,DaumCrashHandler.dll
9bfa994918b76bcbf7b225b2f94f8e961982caf3b5bc0d1dcb683b40e4549a54,sys,c4d3f0.sys
955d827326ec3e537140cd7e962b2090a876187b347420ff668105e766bba228,sys,ucnhraurm.sys
1976cc4ed1010726e5249ac04ac6b72f7c739a7b8d163fd064d61b8e58c28625,sys,phpzbjbbl.sys
a99095870f59a9cff6550792ebb5289f41fe671ada8dce18bcbd0361fa4824de,sys,nmqywhqgqh.sys
c3b84b2274ae04d6c13c69b2e08795a486ada503fac7a8cde3a73c3cd13230b2,sys,TestDriver.sys
8795836a86dc61f9fe1d4b3f798ebf3a4c1900ddac2f207f4d1f46e87b85850f,dll,EduCefWarper.dll
b1e3da936d666cf9d671dd8f79e54afc8f524bccaca77e835bf611ec3038211c,exe,Telegram中文版.exe
5f5ca4da261edd92a753cbc6e0813f28887f639664811b946f3f60d6ff1deda6,sys,5f5ca4da261edd92a753cbc6e0813f28887f639664811b946f3f60d6ff1deda6.sys
4e6b9a6d0870e85cbb957fc5e33503841f79f48e9f701f6e3d62a00dd8c82388,exe,4e6b9a6d0870e85cbb957fc5e33503841f79f48e9f701f6e3d62a00dd8c82388.bin
4f6b732dfa5b4d91c56235f7c69974a4c557d6348f4ed9b862fa4938f7ce3848,exe,4f6b732dfa5b4d91c56235f7c69974a4c557d6348f4ed9b862fa4938f7ce3848.bin
3bab64440c6afc81dbd2c956070ad1196e7b19d5a10ff0615fd9ec06df29a775,gz,dia.tar.gz
c5b5abe2a0e555aa8894d510e2cbe7e935661ddd9025a45553aa3b6adea27709,exe,lake.exe
af5fd9d9591adb89345d3de791c3e4b3100ac5befae79e1cd82e10e067322f85,gz,hide.jpg
cce24ebdd344c8184dbaa0a0c4a65c7d952a11f6608fe23d562a4d1178915eac,exe,cce24ebdd344c8184dbaa0a0c4a65c7d952a11f6608fe23d562a4d1178915eac
fd765103cd948bd0099cc05782348f2b425441a87a7f38f1bfcdb185aecca84d,exe,fd765103cd948bd0099cc05782348f2b425441a87a7f38f1bfcdb185aecca84d
2303b69f630d35d7eae22d30c5efeb76d6d89e80c7be9365b90db44e5ce5e94a,sys,1apEoaC4M5a.sys
e8e7f2f889948fd977b5941e6897921da28c8898a9ca1379816d9f3fa9bc40ff,sys,2.sys
6839aba6f0f89a1bb9ca3ec7219d85a07bfdac7d270f3edee8e67904605c60ef,sys,1.sys
3af0c352b4d6a40fee02925b6d001e5adfc1943dc432cd0ed1f5d8e3107f8ab8,elf,ntpd.so
e0afb8b937a5907fbe55a1d1cc7574e9304007ef33fa80ff3896e997a1beaf37,exe,e0afb8b937a5907fbe55a1d1cc7574e9304007ef33fa80ff3896e997a1beaf37.bin
d0a03a8905c4f695843bc4e9f2dd062b8fd7b0b00103236b5187ff3730750540,exe,d0a03a8905c4f695843bc4e9f2dd062b8fd7b0b00103236b5187ff3730750540.bin
cb8e536680732b474a5c26970ace2087667622caa3dd82c1c56731a7c5a1c8ce,exe,cb8e536680732b474a5c26970ace2087667622caa3dd82c1c56731a7c5a1c8ce.bin
9804787b31e0025dd2ae9344ca1beae2e701cdf8fd77a60f424295dc9280dc89,exe,9804787b31e0025dd2ae9344ca1beae2e701cdf8fd77a60f424295dc9280dc89.bin
8249e9c0ac0840a36d9a5b9ff3e217198a2f533159acd4bf3d9b0132cc079870,exe,8249e9c0ac0840a36d9a5b9ff3e217198a2f533159acd4bf3d9b0132cc079870.bin
659e0d1b2405cadfa560fe648cbf6866720dd40bb6f4081d3dce2dffe20595d9,exe,659e0d1b2405cadfa560fe648cbf6866720dd40bb6f4081d3dce2dffe20595d9.bin
f83c357106a7d1d055b5cb75c8414aa3219354deb16ae9ee7efe8ee4c8c670ca,exe,f83c357106a7d1d055b5cb75c8414aa3219354deb16ae9ee7efe8ee4c8c670ca.bin
bff9b75ae2eea49a765f79d9c67c997edb6c67a2cc720c6187dd2f67980acab7,exe,bff9b75ae2eea49a765f79d9c67c997edb6c67a2cc720c6187dd2f67980acab7.bin
bbc58fd69ce5fed6691dd8d2084e9b728add808ffd5ea8b42ac284b686f77d9a,exe,bbc58fd69ce5fed6691dd8d2084e9b728add808ffd5ea8b42ac284b686f77d9a.bin
a5c873085f36f69f29bb8895eb199d42ce86b16da62c56680917149b97e6dac4,exe,a5c873085f36f69f29bb8895eb199d42ce86b16da62c56680917149b97e6dac4.bin
d64f906376f21677d0585e93dae8b36248f94be7091b01fd1d4381916a326afe,exe,d64f906376f21677d0585e93dae8b36248f94be7091b01fd1d4381916a326afe.bin
63d61549030fcf46ff1dc138122580b4364f0fe99e6b068bc6a3d6903656aff0,exe,63d61549030fcf46ff1dc138122580b4364f0fe99e6b068bc6a3d6903656aff0.bin
096322b16a7395e5534e9db6752aab1bd54275515f33f993d066ec7b46ed5b3e,exe,video_rootkit.exe
2adf06babe9d56ec5c8ba2eec576bd2625ebd3353892be4c9d7b51b4a8dbe473,exe,s.bin
73376cbb9666d7a9528b9397d4341d0817540448f62b22b51de8f6a3fb537a3d,elf,libprocesshider.so
d3f4801f197c7d128d991cd6f7b38b113620bdb659c1ca0fadbe67cee4ea46ea,zip,正版Vip Hook.zip
a6690c5a5d4e2046ff4f0c8b998534f80add451d35be94a13cb706cf72e23c62,elf,curl.so
89a03693d401becc10cd31886ec70c2be4ecd671611a0daa4651e3d87ead620d,elf,cat.so
234c0dd014a958cf5958a9be058140e29f46fca99eb26f5755f5ae935af92787,elf,jq.so
a09d27c0e5ef95842652735405878a86ed0014a0d39843da599b906b0d020d3b,elf,zgrab.so
3b4e756212ea2ed01da98cceeb856449bb50d380339b5564e30cbe7fbfdae2d4,elf,bash.so
f29850b1bb0e3b74692634db6955fda0721136e72cac9f676fcc8245dbbc4331,elf,grep.so
c5fae0ade42b6b225b73f6c0822a16fda914fc508bc30b5d73bdbddfc569d541,elf,awk.so
3de32f315fd01b7b741cfbb7dfee22c30bf7b9a5a01d7ab6690fcb42759a3e9f,elf,xmrig.so
3b378846bc429fdf9bec08b9635885267d8d269f6d941ab1d6e526a03304331b,elf,3b378846bc429fdf9bec08b9635885267d8d269f6d941ab1d6e526a03304331b.elf
f005c2a40cdb4e020c3542eb51aef5bac0c87b4090545c741e1705fcbc8ca120,elf,png
df81f3b8a140bd5c11e39edca5be8fd1c7e6da02182d417d416021a8509db165,elf,xmrig.so
87e8da015e2fc0937085411e59feb0c252d6e66fcb9d2bc526e57ae75c822eeb,elf,xmrig.so
273c0a994f8b552c873a577a745992ec1b036d3c3056aa397e32f32bb0e46f32,elf,linuxclear
c38c21120d8c17688f9aeb2af5bdafb6b75e1d2673b025b720e50232f888808a,elf,libsystem.so
371ce879928eb3f35f77bcb8841e90c5e0257638b67989dc3d025823389b3f79,sh,371ce879928eb3f35f77bcb8841e90c5e0257638b67989dc3d025823389b3f79